Delete Request Time (UTC),Deletion Range Start Time (UTC),Deletion Range End Time (UTC)
2023-02-24T18:16:27.411Z,1970-01-01T00:00:00.000Z,2022-11-26T23:59:59.000Z
2023-02-23T05:59:23.492Z,1970-01-01T00:00:00.000Z,2022-11-25T23:59:59.000Z
2023-02-22T05:04:26.815Z,1970-01-01T00:00:00.000Z,2022-11-24T23:59:59.000Z
2023-02-21T08:54:48.387Z,1970-01-01T00:00:00.000Z,2022-11-23T23:59:59.000Z
2023-02-20T17:26:19.183Z,1970-01-01T00:00:00.000Z,2022-11-22T23:59:59.000Z
2023-02-19T18:27:49.274Z,1970-01-01T00:00:00.000Z,2022-11-21T23:59:59.000Z
2023-02-18T16:43:09.955Z,1970-01-01T00:00:00.000Z,2022-11-20T23:59:59.000Z
2023-02-17T03:33:44.606Z,1970-01-01T00:00:00.000Z,2022-11-19T23:59:59.000Z
2023-02-16T04:49:29.168Z,1970-01-01T00:00:00.000Z,2022-11-18T23:59:59.000Z
2023-02-15T18:12:56.816Z,1970-01-01T00:00:00.000Z,2022-11-17T23:59:59.000Z
2023-02-14T09:40:06.086Z,1970-01-01T00:00:00.000Z,2022-11-16T23:59:59.000Z
2023-02-13T18:25:03.875Z,1970-01-01T00:00:00.000Z,2022-11-15T23:59:59.000Z
2023-02-12T17:58:27.193Z,1970-01-01T00:00:00.000Z,2022-11-14T23:59:59.000Z
2023-02-11T14:10:54.288Z,1970-01-01T00:00:00.000Z,2022-11-13T23:59:59.000Z
2023-02-10T06:05:36.936Z,1970-01-01T00:00:00.000Z,2022-11-12T23:59:59.000Z
2023-02-10T06:02:05.413Z,1970-01-01T00:00:00.000Z,2022-11-12T23:59:59.000Z
2023-02-09T06:35:14.340Z,1970-01-01T00:00:00.000Z,2022-11-11T23:59:59.000Z
2023-02-08T18:39:06.534Z,1970-01-01T00:00:00.000Z,2022-11-10T23:59:59.000Z
2023-02-07T04:57:11.904Z,1970-01-01T00:00:00.000Z,2022-11-09T23:59:59.000Z
2023-02-06T05:26:27.253Z,1970-01-01T00:00:00.000Z,2022-11-08T23:59:59.000Z
2023-02-05T08:24:16.446Z,1970-01-01T00:00:00.000Z,2022-11-07T23:59:59.000Z
2023-02-04T17:38:27.953Z,1970-01-01T00:00:00.000Z,2022-11-06T23:59:59.000Z
2023-02-03T11:24:32.963Z,1970-01-01T00:00:00.000Z,2022-11-05T23:59:59.000Z
2023-02-02T17:54:54.875Z,1970-01-01T00:00:00.000Z,2022-11-04T23:59:59.000Z
2023-02-01T06:11:06.190Z,1970-01-01T00:00:00.000Z,2022-11-03T23:59:59.000Z
2023-01-31T17:20:10.133Z,1970-01-01T00:00:00.000Z,2022-11-02T23:59:59.000Z
2023-01-30T15:08:38.148Z,1970-01-01T00:00:00.000Z,2022-11-01T23:59:59.000Z
2023-01-29T05:25:17.729Z,1970-01-01T00:00:00.000Z,2022-10-31T23:59:59.000Z
2023-01-28T04:50:04.534Z,1970-01-01T00:00:00.000Z,2022-10-30T23:59:59.000Z
2023-01-27T17:36:48.327Z,1970-01-01T00:00:00.000Z,2022-10-29T23:59:59.000Z
2023-01-26T05:37:24.135Z,1970-01-01T00:00:00.000Z,2022-10-28T23:59:59.000Z
2023-01-25T17:45:43.487Z,1970-01-01T00:00:00.000Z,2022-10-27T23:59:59.000Z
2023-01-24T06:14:15.754Z,1970-01-01T00:00:00.000Z,2022-10-26T23:59:59.000Z
2023-01-23T06:03:42.151Z,1970-01-01T00:00:00.000Z,2022-10-25T23:59:59.000Z
2023-01-22T17:07:21.491Z,1970-01-01T00:00:00.000Z,2022-10-24T23:59:59.000Z
2023-01-21T18:33:29.285Z,1970-01-01T00:00:00.000Z,2022-10-23T23:59:59.000Z
2023-01-20T15:00:38.522Z,1970-01-01T00:00:00.000Z,2022-10-22T23:59:59.000Z
2023-01-19T02:40:46.677Z,1970-01-01T00:00:00.000Z,2022-10-21T23:59:59.000Z
2023-01-18T05:53:42.688Z,1970-01-01T00:00:00.000Z,2022-10-20T23:59:59.000Z
2023-01-17T17:17:01.455Z,1970-01-01T00:00:00.000Z,2022-10-19T23:59:59.000Z
2023-01-16T05:32:01.084Z,1970-01-01T00:00:00.000Z,2022-10-18T23:59:59.000Z
2023-01-15T16:10:44.439Z,1970-01-01T00:00:00.000Z,2022-10-17T23:59:59.000Z
2023-01-14T18:48:38.090Z,1970-01-01T00:00:00.000Z,2022-10-16T23:59:59.000Z
2023-01-14T18:07:40.146Z,1970-01-01T00:00:00.000Z,2022-10-16T23:59:59.000Z
