@#,Name,Type1,Type2,Total,HP,Attack,Defense,Sp.Atk,Sp.Def,Speed,Generation,Legendary
1,Bulbasaur,10,14,318,45,49,49,65,65,45,1,2
2,Ivysaur,10,14,405,60,62,63,80,80,60,1,2
3,Venusaur,10,14,525,80,82,83,100,100,80,1,2
3,VenusaurMega Venusaur,10,14,625,80,100,123,122,120,80,1,2
4,Charmander,7, ,309,39,52,43,60,50,65,1,2
5,Charmeleon,7, ,405,58,64,58,80,65,80,1,2
6,Charizard,7,8,534,78,84,78,109,85,100,1,2
6,CharizardMega Charizard X,7,3,634,78,130,111,130,85,100,1,2
6,CharizardMega Charizard Y,7,8,634,78,104,78,159,115,100,1,2
7,Squirtle,18, ,314,44,48,65,50,64,43,1,2
8,Wartortle,18, ,405,59,63,80,65,80,58,1,2
9,Blastoise,18, ,530,79,83,100,85,105,78,1,2
9,BlastoiseMega Blastoise,18, ,630,79,103,120,135,115,78,1,2
10,Caterpie,1, ,195,45,30,35,20,20,45,1,2
11,Metapod,1, ,205,50,20,55,25,25,30,1,2
12,Butterfree,1,8,395,60,45,50,90,80,70,1,2
13,Weedle,1,14,195,40,35,30,20,20,50,1,2
14,Kakuna,1,14,205,45,25,50,25,25,35,1,2
15,Beedrill,1,14,395,65,90,40,45,80,75,1,2
15,BeedrillMega Beedrill,1,14,495,65,150,40,15,80,145,1,2
16,Pidgey,13,8,251,40,45,40,35,35,56,1,2
17,Pidgeotto,13,8,349,63,60,55,50,50,71,1,2
18,Pidgeot,13,8,479,83,80,75,70,70,101,1,2
18,PidgeotMega Pidgeot,13,8,579,83,80,80,135,80,121,1,2
19,Rattata,13, ,253,30,56,35,25,35,72,1,2
20,Raticate,13, ,413,55,81,60,50,70,97,1,2
21,Spearow,13,8,262,40,60,30,31,31,70,1,2
22,Fearow,13,8,442,65,90,65,61,61,100,1,2
23,Ekans,14, ,288,35,60,44,40,54,55,1,2
24,Arbok,14, ,438,60,85,69,65,79,80,1,2
25,Pikachu,4, ,320,35,55,40,50,50,90,1,2
26,Raichu,4, ,485,60,90,55,90,80,110,1,2
27,Sandshrew,11, ,300,50,75,85,20,30,40,1,2
28,Sandslash,11, ,450,75,100,110,45,55,65,1,2
29,Nidoran♀,14, ,275,55,47,52,40,40,41,1,2
30,Nidorina,14, ,365,70,62,67,55,55,56,1,2
31,Nidoqueen,14,11,505,90,92,87,75,85,76,1,2
32,Nidoran♂,14, ,273,46,57,40,40,40,50,1,2
33,Nidorino,14, ,365,61,72,57,55,55,65,1,2
34,Nidoking,14,11,505,81,102,77,85,75,85,1,2
35,Cle5,5, ,323,70,45,48,60,65,35,1,2
36,Clefable,5, ,483,95,70,73,95,90,60,1,2
37,Vulpix,7, ,299,38,41,40,50,65,65,1,2
38,Ninetales,7, ,505,73,76,75,81,100,100,1,2
39,Jigglypuff,13,5,270,115,45,20,45,25,20,1,2
40,Wigglytuff,13,5,435,140,70,45,85,50,45,1,2
41,Zubat,14,8,245,40,45,35,30,40,55,1,2
42,Golbat,14,8,455,75,80,70,65,75,90,1,2
43,Oddish,10,14,320,45,50,55,75,65,30,1,2
44,Gloom,10,14,395,60,65,70,85,75,40,1,2
45,Vileplume,10,14,490,75,80,85,110,90,50,1,2
46,Paras,1,10,285,35,70,55,45,55,25,1,2
47,Parasect,1,10,405,60,95,80,60,80,30,1,2
48,Venonat,1,14,305,60,55,50,40,55,45,1,2
49,Venomoth,1,14,450,70,65,60,90,75,90,1,2
50,Diglett,11, ,265,10,55,25,35,45,95,1,2
51,Dugtrio,11, ,405,35,80,50,50,70,120,1,2
52,Meowth,13, ,290,40,45,35,40,40,90,1,2
53,Persian,13, ,440,65,70,60,65,65,115,1,2
54,Psyduck,18, ,320,50,52,48,65,50,55,1,2
55,Golduck,18, ,500,80,82,78,95,80,85,1,2
56,Mankey,6, ,305,40,80,35,35,45,70,1,2
57,Primeape,6, ,455,65,105,60,60,70,95,1,2
58,Growlithe,7, ,350,55,70,45,70,50,60,1,2
59,Arcanine,7, ,555,90,110,80,100,80,95,1,2
60,Poliwag,18, ,300,40,50,40,40,40,90,1,2
61,Poliwhirl,18, ,385,65,65,65,50,50,90,1,2
62,Poliwrath,18,6,510,90,95,95,70,90,70,1,2
63,Abra,15, ,310,25,20,15,105,55,90,1,2
64,Kadabra,15, ,400,40,35,30,120,70,105,1,2
65,Alakazam,15, ,500,55,50,45,135,95,120,1,2
65,AlakazamMega Alakazam,15, ,590,55,50,65,175,95,150,1,2
66,Machop,6, ,305,70,80,50,35,35,35,1,2
67,Machoke,6, ,405,80,100,70,50,60,45,1,2
68,Machamp,6, ,505,90,130,80,65,85,55,1,2
69,Bellsprout,10,14,300,50,75,35,70,30,40,1,2
70,Weepinbell,10,14,390,65,90,50,85,45,55,1,2
71,Victreebel,10,14,490,80,105,65,100,70,70,1,2
72,Tentacool,18,14,335,40,40,35,50,100,70,1,2
73,Tentacruel,18,14,515,80,70,65,80,120,100,1,2
74,Geodude,16,11,300,40,80,100,30,30,20,1,2
75,Graveler,16,11,390,55,95,115,45,45,35,1,2
76,Golem,16,11,495,80,120,130,55,65,45,1,2
77,Ponyta,7, ,410,50,85,55,65,65,90,1,2
78,Rapidash,7, ,500,65,100,70,80,80,105,1,2
79,Slowpoke,18,15,315,90,65,65,40,40,15,1,2
80,Slowbro,18,15,490,95,75,110,100,80,30,1,2
80,SlowbroMega Slowbro,18,15,590,95,75,180,130,80,30,1,2
81,Magnemite,4,17,325,25,35,70,95,55,45,1,2
82,Magneton,4,17,465,50,60,95,120,70,70,1,2
83,Farfetch'd,13,8,352,52,65,55,58,62,60,1,2
84,Doduo,13,8,310,35,85,45,35,35,75,1,2
85,Dodrio,13,8,460,60,110,70,60,60,100,1,2
86,Seel,18, ,325,65,45,55,45,70,45,1,2
87,Dewgong,18,12,475,90,70,80,70,95,70,1,2
88,Grimer,14, ,325,80,80,50,40,50,25,1,2
89,Muk,14, ,500,105,105,75,65,100,50,1,2
90,Shellder,18, ,305,30,65,100,45,25,40,1,2
91,Cloyster,18,12,525,50,95,180,85,45,70,1,2
92,Gastly,9,14,310,30,35,30,100,35,80,1,2
93,Haunter,9,14,405,45,50,45,115,55,95,1,2
94,Gengar,9,14,500,60,65,60,130,75,110,1,2
94,GengarMega Gengar,9,14,600,60,65,80,170,95,130,1,2
95,Onix,16,11,385,35,45,160,30,45,70,1,2
96,Drowzee,15, ,328,60,48,45,43,90,42,1,2
97,Hypno,15, ,483,85,73,70,73,115,67,1,2
98,Krabby,18, ,325,30,105,90,25,25,50,1,2
99,Kingler,18, ,475,55,130,115,50,50,75,1,2
100,Voltorb,4, ,330,40,30,50,55,55,100,1,2
101,Electrode,4, ,480,60,50,70,80,80,140,1,2
102,Exeggcute,10,15,325,60,40,80,60,45,40,1,2
103,Exeggutor,10,15,520,95,95,85,125,65,55,1,2
104,Cubone,11, ,320,50,50,95,40,50,35,1,2
105,Marowak,11, ,425,60,80,110,50,80,45,1,2
106,Hitmonlee,6, ,455,50,120,53,35,110,87,1,2
107,Hitmonchan,6, ,455,50,105,79,35,110,76,1,2
108,Lickitung,13, ,385,90,55,75,60,75,30,1,2
109,Koffing,14, ,340,40,65,95,60,45,35,1,2
110,Weezing,14, ,490,65,90,120,85,70,60,1,2
111,Rhyhorn,11,16,345,80,85,95,30,30,25,1,2
112,Rhydon,11,16,485,105,130,120,45,45,40,1,2
113,Chansey,13, ,450,250,5,5,35,105,50,1,2
114,Tangela,10, ,435,65,55,115,100,40,60,1,2
115,Kangaskhan,13, ,490,105,95,80,40,80,90,1,2
115,KangaskhanMega Kangaskhan,13, ,590,105,125,100,60,100,100,1,2
116,Horsea,18, ,295,30,40,70,70,25,60,1,2
117,Seadra,18, ,440,55,65,95,95,45,85,1,2
118,Goldeen,18, ,320,45,67,60,35,50,63,1,2
119,Seaking,18, ,450,80,92,65,65,80,68,1,2
120,Staryu,18, ,340,30,45,55,70,55,85,1,2
121,Starmie,18,15,520,60,75,85,100,85,115,1,2
122,Mr. Mime,15,5,460,40,45,65,100,120,90,1,2
123,Scyther,1,8,500,70,110,80,55,80,105,1,2
124,Jynx,12,15,455,65,50,35,115,95,95,1,2
125,Electabuzz,4, ,490,65,83,57,95,85,105,1,2
126,Magmar,7, ,495,65,95,57,100,85,93,1,2
127,Pinsir,1, ,500,65,125,100,55,70,85,1,2
127,PinsirMega Pinsir,1,8,600,65,155,120,65,90,105,1,2
128,Tauros,13, ,490,75,100,95,40,70,110,1,2
129,Magikarp,18, ,200,20,10,55,15,20,80,1,2
130,Gyarados,18,8,540,95,125,79,60,100,81,1,2
130,GyaradosMega Gyarados,18,2,640,95,155,109,70,130,81,1,2
131,Lapras,18,12,535,130,85,80,85,95,60,1,2
132,Ditto,13, ,288,48,48,48,48,48,48,1,2
133,Eevee,13, ,325,55,55,50,45,65,55,1,2
134,Vaporeon,18, ,525,130,65,60,110,95,65,1,2
135,Jolteon,4, ,525,65,65,60,110,95,130,1,2
136,Flareon,7, ,525,65,130,60,95,110,65,1,2
137,Porygon,13, ,395,65,60,70,85,75,40,1,2
138,Omanyte,16,18,355,35,40,100,90,55,35,1,2
139,Omastar,16,18,495,70,60,125,115,70,55,1,2
140,Kabuto,16,18,355,30,80,90,55,45,55,1,2
141,Kabutops,16,18,495,60,115,105,65,70,80,1,2
142,Aerodactyl,16,8,515,80,105,65,60,75,130,1,2
142,AerodactylMega Aerodactyl,16,8,615,80,135,85,70,95,150,1,2
143,Snorlax,13, ,540,160,110,65,65,110,30,1,2
144,Articuno,12,8,580,90,85,100,95,125,85,1,1
145,Zapdos,4,8,580,90,90,85,125,90,100,1,1
146,Moltres,7,8,580,90,100,90,125,85,90,1,1
147,Dratini,3, ,300,41,64,45,50,50,50,1,2
148,3air,3, ,420,61,84,65,70,70,70,1,2
149,3ite,3,8,600,91,134,95,100,100,80,1,2
150,Mewtwo,15, ,680,106,110,90,154,90,130,1,1
150,MewtwoMega Mewtwo X,15,6,780,106,190,100,154,100,130,1,1
150,MewtwoMega Mewtwo Y,15, ,780,106,150,70,194,120,140,1,1
151,Mew,15, ,600,100,100,100,100,100,100,1,2
152,Chikorita,10, ,318,45,49,65,49,65,45,2,2
153,Bayleef,10, ,405,60,62,80,63,80,60,2,2
154,Meganium,10, ,525,80,82,100,83,100,80,2,2
155,Cyndaquil,7, ,309,39,52,43,60,50,65,2,2
156,Quilava,7, ,405,58,64,58,80,65,80,2,2
157,Typhlosion,7, ,534,78,84,78,109,85,100,2,2
158,Totodile,18, ,314,50,65,64,44,48,43,2,2
159,Croconaw,18, ,405,65,80,80,59,63,58,2,2
160,Feraligatr,18, ,530,85,105,100,79,83,78,2,2
161,Sentret,13, ,215,35,46,34,35,45,20,2,2
162,Furret,13, ,415,85,76,64,45,55,90,2,2
163,Hoothoot,13,8,262,60,30,30,36,56,50,2,2
164,Noctowl,13,8,442,100,50,50,76,96,70,2,2
165,Ledyba,1,8,265,40,20,30,40,80,55,2,2
166,Ledian,1,8,390,55,35,50,55,110,85,2,2
167,Spinarak,1,14,250,40,60,40,40,40,30,2,2
168,Ariados,1,14,390,70,90,70,60,60,40,2,2
169,Crobat,14,8,535,85,90,80,70,80,130,2,2
170,Chinchou,18,4,330,75,38,38,56,56,67,2,2
171,Lanturn,18,4,460,125,58,58,76,76,67,2,2
172,Pichu,4, ,205,20,40,15,35,35,60,2,2
173,Cleffa,5, ,218,50,25,28,45,55,15,2,2
174,Igglybuff,13,5,210,90,30,15,40,20,15,2,2
175,Togepi,5, ,245,35,20,65,40,65,20,2,2
176,Togetic,5,8,405,55,40,85,80,105,40,2,2
177,Natu,15,8,320,40,50,45,70,45,70,2,2
178,Xatu,15,8,470,65,75,70,95,70,95,2,2
179,Mareep,4, ,280,55,40,40,65,45,35,2,2
180,Flaaffy,4, ,365,70,55,55,80,60,45,2,2
181,Ampharos,4, ,510,90,75,85,115,90,55,2,2
181,AmpharosMega Ampharos,4,3,610,90,95,105,165,110,45,2,2
182,Bellossom,10, ,490,75,80,95,90,100,50,2,2
183,Marill,18,5,250,70,20,50,20,50,40,2,2
184,Azumarill,18,5,420,100,50,80,60,80,50,2,2
185,Sudowoodo,16, ,410,70,100,115,30,65,30,2,2
186,Politoed,18, ,500,90,75,75,90,100,70,2,2
187,Hoppip,10,8,250,35,35,40,35,55,50,2,2
188,Skiploom,10,8,340,55,45,50,45,65,80,2,2
189,Jumpluff,10,8,460,75,55,70,55,95,110,2,2
190,Aipom,13, ,360,55,70,55,40,55,85,2,2
191,Sunkern,10, ,180,30,30,30,30,30,30,2,2
192,Sunflora,10, ,425,75,75,55,105,85,30,2,2
193,Yanma,1,8,390,65,65,45,75,45,95,2,2
194,Wooper,18,11,210,55,45,45,25,25,15,2,2
195,Quagsire,18,11,430,95,85,85,65,65,35,2,2
196,Espeon,15, ,525,65,65,60,130,95,110,2,2
197,Umbreon,2, ,525,95,65,110,60,130,65,2,2
198,Murkrow,2,8,405,60,85,42,85,42,91,2,2
199,Slowking,18,15,490,95,75,80,100,110,30,2,2
200,Misdreavus,9, ,435,60,60,60,85,85,85,2,2
201,Unown,15, ,336,48,72,48,72,48,48,2,2
202,Wobbuffet,15, ,405,190,33,58,33,58,33,2,2
203,Girafarig,13,15,455,70,80,65,90,65,85,2,2
204,Pineco,1, ,290,50,65,90,35,35,15,2,2
205,Forretress,1,17,465,75,90,140,60,60,40,2,2
206,Dunsparce,13, ,415,100,70,70,65,65,45,2,2
207,Gligar,11,8,430,65,75,105,35,65,85,2,2
208,17ix,17,11,510,75,85,200,55,65,30,2,2
208,17ixMega 17ix,17,11,610,75,125,230,55,95,30,2,2
209,Snubbull,5, ,300,60,80,50,40,40,30,2,2
210,Granbull,5, ,450,90,120,75,60,60,45,2,2
211,Qwilfish,18,14,430,65,95,75,55,55,85,2,2
212,Scizor,1,17,500,70,130,100,55,80,65,2,2
212,ScizorMega Scizor,1,17,600,70,150,140,65,100,75,2,2
213,Shuckle,1,16,505,20,10,230,10,230,5,2,2
214,Heracross,1,6,500,80,125,75,40,95,85,2,2
214,HeracrossMega Heracross,1,6,600,80,185,115,40,105,75,2,2
215,Sneasel,2,12,430,55,95,55,35,75,115,2,2
216,Teddiursa,13, ,330,60,80,50,50,50,40,2,2
217,Ursaring,13, ,500,90,130,75,75,75,55,2,2
218,Slugma,7, ,250,40,40,40,70,40,20,2,2
219,Magcargo,7,16,410,50,50,120,80,80,30,2,2
220,Swinub,12,11,250,50,50,40,30,30,50,2,2
221,Piloswine,12,11,450,100,100,80,60,60,50,2,2
222,Corsola,18,16,380,55,55,85,65,85,35,2,2
223,Remoraid,18, ,300,35,65,35,65,35,65,2,2
224,Octillery,18, ,480,75,105,75,105,75,45,2,2
225,Delibird,12,8,330,45,55,45,65,45,75,2,2
226,Mantine,18,8,465,65,40,70,80,140,70,2,2
227,Skarmory,17,8,465,65,80,140,40,70,70,2,2
228,Houndour,2,7,330,45,60,30,80,50,65,2,2
229,Houndoom,2,7,500,75,90,50,110,80,95,2,2
229,HoundoomMega Houndoom,2,7,600,75,90,90,140,90,115,2,2
230,Kingdra,18,3,540,75,95,95,95,95,85,2,2
231,Phanpy,11, ,330,90,60,60,40,40,40,2,2
232,Donphan,11, ,500,90,120,120,60,60,50,2,2
233,Porygon2,13, ,515,85,80,90,105,95,60,2,2
234,Stantler,13, ,465,73,95,62,85,65,85,2,2
235,Smeargle,13, ,250,55,20,35,20,45,75,2,2
236,Tyrogue,6, ,210,35,35,35,35,35,35,2,2
237,Hitmontop,6, ,455,50,95,95,35,110,70,2,2
238,Smoochum,12,15,305,45,30,15,85,65,65,2,2
239,Elekid,4, ,360,45,63,37,65,55,95,2,2
240,Magby,7, ,365,45,75,37,70,55,83,2,2
241,Miltank,13, ,490,95,80,105,40,70,100,2,2
242,Blissey,13, ,540,255,10,10,75,135,55,2,2
243,Raikou,4, ,580,90,85,75,115,100,115,2,1
244,Entei,7, ,580,115,115,85,90,75,100,2,1
245,Suicune,18, ,580,100,75,115,90,115,85,2,1
246,Larvitar,16,11,300,50,64,50,45,50,41,2,2
247,Pupitar,16,11,410,70,84,70,65,70,51,2,2
248,Tyranitar,16,2,600,100,134,110,95,100,61,2,2
248,TyranitarMega Tyranitar,16,2,700,100,164,150,95,120,71,2,2
249,Lugia,15,8,680,106,90,130,90,154,110,2,1
250,Ho-oh,7,8,680,106,130,90,110,154,90,2,1
251,Celebi,15,10,600,100,100,100,100,100,100,2,2
252,Treecko,10, ,310,40,45,35,65,55,70,3,2
253,Grovyle,10, ,405,50,65,45,85,65,95,3,2
254,Sceptile,10, ,530,70,85,65,105,85,120,3,2
254,SceptileMega Sceptile,10,3,630,70,110,75,145,85,145,3,2
255,Torchic,7, ,310,45,60,40,70,50,45,3,2
256,Combusken,7,6,405,60,85,60,85,60,55,3,2
257,Blaziken,7,6,530,80,120,70,110,70,80,3,2
257,BlazikenMega Blaziken,7,6,630,80,160,80,130,80,100,3,2
258,Mudkip,18, ,310,50,70,50,50,50,40,3,2
259,Marshtomp,18,11,405,70,85,70,60,70,50,3,2
260,Swampert,18,11,535,100,110,90,85,90,60,3,2
260,SwampertMega Swampert,18,11,635,100,150,110,95,110,70,3,2
261,Poochyena,2, ,220,35,55,35,30,30,35,3,2
262,Mightyena,2, ,420,70,90,70,60,60,70,3,2
263,Zigzagoon,13, ,240,38,30,41,30,41,60,3,2
264,Linoone,13, ,420,78,70,61,50,61,100,3,2
265,Wurmple,1, ,195,45,45,35,20,30,20,3,2
266,Silcoon,1, ,205,50,35,55,25,25,15,3,2
267,Beautifly,1,8,395,60,70,50,100,50,65,3,2
268,Cascoon,1, ,205,50,35,55,25,25,15,3,2
269,Dustox,1,14,385,60,50,70,50,90,65,3,2
270,Lotad,18,10,220,40,30,30,40,50,30,3,2
271,Lombre,18,10,340,60,50,50,60,70,50,3,2
272,Ludicolo,18,10,480,80,70,70,90,100,70,3,2
273,Seedot,10, ,220,40,40,50,30,30,30,3,2
274,Nuzleaf,10,2,340,70,70,40,60,40,60,3,2
275,Shiftry,10,2,480,90,100,60,90,60,80,3,2
276,Taillow,13,8,270,40,55,30,30,30,85,3,2
277,Swellow,13,8,430,60,85,60,50,50,125,3,2
278,Wingull,18,8,270,40,30,30,55,30,85,3,2
279,Pelipper,18,8,430,60,50,100,85,70,65,3,2
280,Ralts,15,5,198,28,25,25,45,35,40,3,2
281,Kirlia,15,5,278,38,35,35,65,55,50,3,2
282,Gardevoir,15,5,518,68,65,65,125,115,80,3,2
282,GardevoirMega Gardevoir,15,5,618,68,85,65,165,135,100,3,2
283,Surskit,1,18,269,40,30,32,50,52,65,3,2
284,Masquerain,1,8,414,70,60,62,80,82,60,3,2
285,Shroomish,10, ,295,60,40,60,40,60,35,3,2
286,Breloom,10,6,460,60,130,80,60,60,70,3,2
287,Slakoth,13, ,280,60,60,60,35,35,30,3,2
288,Vigoroth,13, ,440,80,80,80,55,55,90,3,2
289,Slaking,13, ,670,150,160,100,95,65,100,3,2
290,Nincada,1,11,266,31,45,90,30,30,40,3,2
291,Ninjask,1,8,456,61,90,45,50,50,160,3,2
292,Shedinja,1,9,236,1,90,45,30,30,40,3,2
293,Whismur,13, ,240,64,51,23,51,23,28,3,2
294,Loudred,13, ,360,84,71,43,71,43,48,3,2
295,Exploud,13, ,490,104,91,63,91,73,68,3,2
296,Makuhita,6, ,237,72,60,30,20,30,25,3,2
297,Hariyama,6, ,474,144,120,60,40,60,50,3,2
298,Azurill,13,5,190,50,20,40,20,40,20,3,2
299,Nosepass,16, ,375,30,45,135,45,90,30,3,2
300,Skitty,13, ,260,50,45,45,35,35,50,3,2
301,Delcatty,13, ,380,70,65,65,55,55,70,3,2
302,Sableye,2,9,380,50,75,75,65,65,50,3,2
302,SableyeMega Sableye,2,9,480,50,85,125,85,115,20,3,2
303,Mawile,17,5,380,50,85,85,55,55,50,3,2
303,MawileMega Mawile,17,5,480,50,105,125,55,95,50,3,2
304,Aron,17,16,330,50,70,100,40,40,30,3,2
305,Lairon,17,16,430,60,90,140,50,50,40,3,2
306,Aggron,17,16,530,70,110,180,60,60,50,3,2
306,AggronMega Aggron,17, ,630,70,140,230,60,80,50,3,2
307,Meditite,6,15,280,30,40,55,40,55,60,3,2
308,Medicham,6,15,410,60,60,75,60,75,80,3,2
308,MedichamMega Medicham,6,15,510,60,100,85,80,85,100,3,2
309,Electrike,4, ,295,40,45,40,65,40,65,3,2
310,Manectric,4, ,475,70,75,60,105,60,105,3,2
310,ManectricMega Manectric,4, ,575,70,75,80,135,80,135,3,2
311,Plusle,4, ,405,60,50,40,85,75,95,3,2
312,Minun,4, ,405,60,40,50,75,85,95,3,2
313,Volbeat,1, ,400,65,73,55,47,75,85,3,2
314,Illumise,1, ,400,65,47,55,73,75,85,3,2
315,Roselia,10,14,400,50,60,45,100,80,65,3,2
316,Gulpin,14, ,302,70,43,53,43,53,40,3,2
317,Swalot,14, ,467,100,73,83,73,83,55,3,2
318,Carvanha,18,2,305,45,90,20,65,20,65,3,2
319,Sharpedo,18,2,460,70,120,40,95,40,95,3,2
319,SharpedoMega Sharpedo,18,2,560,70,140,70,110,65,105,3,2
320,Wailmer,18, ,400,130,70,35,70,35,60,3,2
321,Wailord,18, ,500,170,90,45,90,45,60,3,2
322,Numel,7,11,305,60,60,40,65,45,35,3,2
323,Camerupt,7,11,460,70,100,70,105,75,40,3,2
323,CameruptMega Camerupt,7,11,560,70,120,100,145,105,20,3,2
324,Torkoal,7, ,470,70,85,140,85,70,20,3,2
325,Spoink,15, ,330,60,25,35,70,80,60,3,2
326,Grumpig,15, ,470,80,45,65,90,110,80,3,2
327,Spinda,13, ,360,60,60,60,60,60,60,3,2
328,Trapinch,11, ,290,45,100,45,45,45,10,3,2
329,Vibrava,11,3,340,50,70,50,50,50,70,3,2
330,Flygon,11,3,520,80,100,80,80,80,100,3,2
331,Cacnea,10, ,335,50,85,40,85,40,35,3,2
332,Cacturne,10,2,475,70,115,60,115,60,55,3,2
333,Swablu,13,8,310,45,40,60,40,75,50,3,2
334,Altaria,3,8,490,75,70,90,70,105,80,3,2
334,AltariaMega Altaria,3,5,590,75,110,110,110,105,80,3,2
335,Zangoose,13, ,458,73,115,60,60,60,90,3,2
336,Seviper,14, ,458,73,100,60,100,60,65,3,2
337,Lunatone,16,15,440,70,55,65,95,85,70,3,2
338,Sol16,16,15,440,70,95,85,55,65,70,3,2
339,Barboach,18,11,288,50,48,43,46,41,60,3,2
340,Whiscash,18,11,468,110,78,73,76,71,60,3,2
341,Corphish,18, ,308,43,80,65,50,35,35,3,2
342,Crawdaunt,18,2,468,63,120,85,90,55,55,3,2
343,Baltoy,11,15,300,40,40,55,40,70,55,3,2
344,Claydol,11,15,500,60,70,105,70,120,75,3,2
345,Lileep,16,10,355,66,41,77,61,87,23,3,2
346,Cradily,16,10,495,86,81,97,81,107,43,3,2
347,Anorith,16,1,355,45,95,50,40,50,75,3,2
348,Armaldo,16,1,495,75,125,100,70,80,45,3,2
349,Feebas,18, ,200,20,15,20,10,55,80,3,2
350,Milotic,18, ,540,95,60,79,100,125,81,3,2
351,Castform,13, ,420,70,70,70,70,70,70,3,2
352,Kecleon,13, ,440,60,90,70,60,120,40,3,2
353,Shuppet,9, ,295,44,75,35,63,33,45,3,2
354,Banette,9, ,455,64,115,65,83,63,65,3,2
354,BanetteMega Banette,9, ,555,64,165,75,93,83,75,3,2
355,Duskull,9, ,295,20,40,90,30,90,25,3,2
356,Dusclops,9, ,455,40,70,130,60,130,25,3,2
357,Tropius,10,8,460,99,68,83,72,87,51,3,2
358,Chimecho,15, ,425,65,50,70,95,80,65,3,2
359,Absol,2, ,465,65,130,60,75,60,75,3,2
359,AbsolMega Absol,2, ,565,65,150,60,115,60,115,3,2
360,Wynaut,15, ,260,95,23,48,23,48,23,3,2
361,Snorunt,12, ,300,50,50,50,50,50,50,3,2
362,Glalie,12, ,480,80,80,80,80,80,80,3,2
362,GlalieMega Glalie,12, ,580,80,120,80,120,80,100,3,2
363,Spheal,12,18,290,70,40,50,55,50,25,3,2
364,Sealeo,12,18,410,90,60,70,75,70,45,3,2
365,Walrein,12,18,530,110,80,90,95,90,65,3,2
366,Clamperl,18, ,345,35,64,85,74,55,32,3,2
367,Huntail,18, ,485,55,104,105,94,75,52,3,2
368,Gorebyss,18, ,485,55,84,105,114,75,52,3,2
369,Relicanth,18,16,485,100,90,130,45,65,55,3,2
370,Luvdisc,18, ,330,43,30,55,40,65,97,3,2
371,Bagon,3, ,300,45,75,60,40,30,50,3,2
372,Shelgon,3, ,420,65,95,100,60,50,50,3,2
373,Salamence,3,8,600,95,135,80,110,80,100,3,2
373,SalamenceMega Salamence,3,8,700,95,145,130,120,90,120,3,2
374,Beldum,17,15,300,40,55,80,35,60,30,3,2
375,Metang,17,15,420,60,75,100,55,80,50,3,2
376,Metagross,17,15,600,80,135,130,95,90,70,3,2
376,MetagrossMega Metagross,17,15,700,80,145,150,105,110,110,3,2
377,Regi16,16, ,580,80,100,200,50,100,50,3,1
378,Reg12,12, ,580,80,50,100,100,200,50,3,1
379,Regi17,17, ,580,80,75,150,75,150,50,3,1
380,Latias,3,15,600,80,80,90,110,130,110,3,1
380,LatiasMega Latias,3,15,700,80,100,120,140,150,110,3,1
381,Latios,3,15,600,80,90,80,130,110,110,3,1
381,LatiosMega Latios,3,15,700,80,130,100,160,120,110,3,1
382,Kyogre,18, ,670,100,100,90,150,140,90,3,1
382,KyogrePrimal Kyogre,18, ,770,100,150,90,180,160,90,3,1
383,Groudon,11, ,670,100,150,140,100,90,90,3,1
383,GroudonPrimal Groudon,11,7,770,100,180,160,150,90,90,3,1
384,Rayquaza,3,8,680,105,150,90,150,90,95,3,1
384,RayquazaMega Rayquaza,3,8,780,105,180,100,180,100,115,3,1
385,Jirachi,17,15,600,100,100,100,100,100,100,3,1
386,Deoxys13 Forme,15, ,600,50,150,50,150,50,150,3,1
386,DeoxysAttack Forme,15, ,600,50,180,20,180,20,150,3,1
386,DeoxysDefense Forme,15, ,600,50,70,160,70,160,90,3,1
386,DeoxysSpeed Forme,15, ,600,50,95,90,95,90,180,3,1
387,Turtwig,10, ,318,55,68,64,45,55,31,4,2
388,Grotle,10, ,405,75,89,85,55,65,36,4,2
389,Torterra,10,11,525,95,109,105,75,85,56,4,2
390,Chimchar,7, ,309,44,58,44,58,44,61,4,2
391,Monferno,7,6,405,64,78,52,78,52,81,4,2
392,Infernape,7,6,534,76,104,71,104,71,108,4,2
393,Piplup,18, ,314,53,51,53,61,56,40,4,2
394,Prinplup,18, ,405,64,66,68,81,76,50,4,2
395,Empoleon,18,17,530,84,86,88,111,101,60,4,2
396,Starly,13,8,245,40,55,30,30,30,60,4,2
397,Staravia,13,8,340,55,75,50,40,40,80,4,2
398,Staraptor,13,8,485,85,120,70,50,60,100,4,2
399,Bidoof,13, ,250,59,45,40,35,40,31,4,2
400,Bibarel,13,18,410,79,85,60,55,60,71,4,2
401,Kricketot,1, ,194,37,25,41,25,41,25,4,2
402,Kricketune,1, ,384,77,85,51,55,51,65,4,2
403,Shinx,4, ,263,45,65,34,40,34,45,4,2
404,Luxio,4, ,363,60,85,49,60,49,60,4,2
405,Luxray,4, ,523,80,120,79,95,79,70,4,2
406,Budew,10,14,280,40,30,35,50,70,55,4,2
407,Roserade,10,14,515,60,70,65,125,105,90,4,2
408,Cranidos,16, ,350,67,125,40,30,30,58,4,2
409,Rampardos,16, ,495,97,165,60,65,50,58,4,2
410,Shieldon,16,17,350,30,42,118,42,88,30,4,2
411,Bastiodon,16,17,495,60,52,168,47,138,30,4,2
412,Burmy,1, ,224,40,29,45,29,45,36,4,2
413,WormadamPlant Cloak,1,10,424,60,59,85,79,105,36,4,2
413,WormadamSandy Cloak,1,11,424,60,79,105,59,85,36,4,2
413,WormadamTrash Cloak,1,17,424,60,69,95,69,95,36,4,2
414,Mothim,1,8,424,70,94,50,94,50,66,4,2
415,Combee,1,8,244,30,30,42,30,42,70,4,2
416,Vespiquen,1,8,474,70,80,102,80,102,40,4,2
417,Pachirisu,4, ,405,60,45,70,45,90,95,4,2
418,Buizel,18, ,330,55,65,35,60,30,85,4,2
419,Floatzel,18, ,495,85,105,55,85,50,115,4,2
420,Cherubi,10, ,275,45,35,45,62,53,35,4,2
421,Cherrim,10, ,450,70,60,70,87,78,85,4,2
422,Shellos,18, ,325,76,48,48,57,62,34,4,2
423,Gastrodon,18,11,475,111,83,68,92,82,39,4,2
424,Ambipom,13, ,482,75,100,66,60,66,115,4,2
425,Drifloon,9,8,348,90,50,34,60,44,70,4,2
426,Drifblim,9,8,498,150,80,44,90,54,80,4,2
427,Buneary,13, ,350,55,66,44,44,56,85,4,2
428,Lopunny,13, ,480,65,76,84,54,96,105,4,2
428,LopunnyMega Lopunny,13,6,580,65,136,94,54,96,135,4,2
429,Mismagius,9, ,495,60,60,60,105,105,105,4,2
430,Honchkrow,2,8,505,100,125,52,105,52,71,4,2
431,Glameow,13, ,310,49,55,42,42,37,85,4,2
432,Purugly,13, ,452,71,82,64,64,59,112,4,2
433,Chingling,15, ,285,45,30,50,65,50,45,4,2
434,Stunky,14,2,329,63,63,47,41,41,74,4,2
435,Skuntank,14,2,479,103,93,67,71,61,84,4,2
436,Bronzor,17,15,300,57,24,86,24,86,23,4,2
437,Bronzong,17,15,500,67,89,116,79,116,33,4,2
438,Bonsly,16, ,290,50,80,95,10,45,10,4,2
439,Mime Jr.,15,5,310,20,25,45,70,90,60,4,2
440,Happiny,13, ,220,100,5,5,15,65,30,4,2
441,Chatot,13,8,411,76,65,45,92,42,91,4,2
442,Spiritomb,9,2,485,50,92,108,92,108,35,4,2
443,Gible,3,11,300,58,70,45,40,45,42,4,2
444,Gabite,3,11,410,68,90,65,50,55,82,4,2
445,Garchomp,3,11,600,108,130,95,80,85,102,4,2
445,GarchompMega Garchomp,3,11,700,108,170,115,120,95,92,4,2
446,Munchlax,13, ,390,135,85,40,40,85,5,4,2
447,Riolu,6, ,285,40,70,40,35,40,60,4,2
448,Lucario,6,17,525,70,110,70,115,70,90,4,2
448,LucarioMega Lucario,6,17,625,70,145,88,140,70,112,4,2
449,Hippopotas,11, ,330,68,72,78,38,42,32,4,2
450,Hippowdon,11, ,525,108,112,118,68,72,47,4,2
451,Skorupi,14,1,330,40,50,90,30,55,65,4,2
452,Drapion,14,2,500,70,90,110,60,75,95,4,2
453,Croagunk,14,6,300,48,61,40,61,40,50,4,2
454,Toxicroak,14,6,490,83,106,65,86,65,85,4,2
455,Carnivine,10, ,454,74,100,72,90,72,46,4,2
456,Finneon,18, ,330,49,49,56,49,61,66,4,2
457,Lumineon,18, ,460,69,69,76,69,86,91,4,2
458,Mantyke,18,8,345,45,20,50,60,120,50,4,2
459,Snover,10,12,334,60,62,50,62,60,40,4,2
460,Abomasnow,10,12,494,90,92,75,92,85,60,4,2
460,AbomasnowMega Abomasnow,10,12,594,90,132,105,132,105,30,4,2
461,Weavile,2,12,510,70,120,65,45,85,125,4,2
462,Magnezone,4,17,535,70,70,115,130,90,60,4,2
463,Lickilicky,13, ,515,110,85,95,80,95,50,4,2
464,Rhyperior,11,16,535,115,140,130,55,55,40,4,2
465,Tangrowth,10, ,535,100,100,125,110,50,50,4,2
466,Electivire,4, ,540,75,123,67,95,85,95,4,2
467,Magmortar,7, ,540,75,95,67,125,95,83,4,2
468,Togekiss,5,8,545,85,50,95,120,115,80,4,2
469,Yanmega,1,8,515,86,76,86,116,56,95,4,2
470,Leafeon,10, ,525,65,110,130,60,65,95,4,2
471,Glaceon,12, ,525,65,60,110,130,95,65,4,2
472,Gliscor,11,8,510,75,95,125,45,75,95,4,2
473,Mamoswine,12,11,530,110,130,80,70,60,80,4,2
474,Porygon-Z,13, ,535,85,80,70,135,75,90,4,2
475,Gallade,15,6,518,68,125,65,65,115,80,4,2
475,GalladeMega Gallade,15,6,618,68,165,95,65,115,110,4,2
476,Probopass,16,17,525,60,55,145,75,150,40,4,2
477,Dusknoir,9, ,525,45,100,135,65,135,45,4,2
478,Froslass,12,9,480,70,80,70,80,70,110,4,2
479,Rotom,4,9,440,50,50,77,95,77,91,4,2
479,RotomHeat Rotom,4,7,520,50,65,107,105,107,86,4,2
479,RotomWash Rotom,4,18,520,50,65,107,105,107,86,4,2
479,RotomFrost Rotom,4,12,520,50,65,107,105,107,86,4,2
479,RotomFan Rotom,4,8,520,50,65,107,105,107,86,4,2
479,RotomMow Rotom,4,10,520,50,65,107,105,107,86,4,2
480,Uxie,15, ,580,75,75,130,75,130,95,4,1
481,Mesprit,15, ,580,80,105,105,105,105,80,4,1
482,Azelf,15, ,580,75,125,70,125,70,115,4,1
483,Dialga,17,3,680,100,120,120,150,100,90,4,1
484,Palkia,18,3,680,90,120,100,150,120,100,4,1
485,Heatran,7,17,600,91,90,106,130,106,77,4,1
486,Regigigas,13, ,670,110,160,110,80,110,100,4,1
487,GiratinaAltered Forme,9,3,680,150,100,120,100,120,90,4,1
487,GiratinaOrigin Forme,9,3,680,150,120,100,120,100,90,4,1
488,Cresselia,15, ,600,120,70,120,75,130,85,4,2
489,Phione,18, ,480,80,80,80,80,80,80,4,2
490,Manaphy,18, ,600,100,100,100,100,100,100,4,2
491,2rai,2, ,600,70,90,90,135,90,125,4,1
492,ShayminLand Forme,10, ,600,100,100,100,100,100,100,4,1
492,ShayminSky Forme,10,8,600,100,103,75,120,75,127,4,1
493,Arceus,13, ,720,120,120,120,120,120,120,4,1
494,Victini,15,7,600,100,100,100,100,100,100,5,1
495,Snivy,10, ,308,45,45,55,45,55,63,5,2
496,Servine,10, ,413,60,60,75,60,75,83,5,2
497,Serperior,10, ,528,75,75,95,75,95,113,5,2
498,Tepig,7, ,308,65,63,45,45,45,45,5,2
499,Pignite,7,6,418,90,93,55,70,55,55,5,2
500,Emboar,7,6,528,110,123,65,100,65,65,5,2
501,Oshawott,18, ,308,55,55,45,63,45,45,5,2
502,Dewott,18, ,413,75,75,60,83,60,60,5,2
503,Samurott,18, ,528,95,100,85,108,70,70,5,2
504,Patrat,13, ,255,45,55,39,35,39,42,5,2
505,Watchog,13, ,420,60,85,69,60,69,77,5,2
506,Lillipup,13, ,275,45,60,45,25,45,55,5,2
507,Herdier,13, ,370,65,80,65,35,65,60,5,2
508,Stoutland,13, ,500,85,110,90,45,90,80,5,2
509,Purrloin,2, ,281,41,50,37,50,37,66,5,2
510,Liepard,2, ,446,64,88,50,88,50,106,5,2
511,Pansage,10, ,316,50,53,48,53,48,64,5,2
512,Simisage,10, ,498,75,98,63,98,63,101,5,2
513,Pansear,7, ,316,50,53,48,53,48,64,5,2
514,Simisear,7, ,498,75,98,63,98,63,101,5,2
515,Panpour,18, ,316,50,53,48,53,48,64,5,2
516,Simipour,18, ,498,75,98,63,98,63,101,5,2
517,Munna,15, ,292,76,25,45,67,55,24,5,2
518,Musharna,15, ,487,116,55,85,107,95,29,5,2
519,Pidove,13,8,264,50,55,50,36,30,43,5,2
520,Tranquill,13,8,358,62,77,62,50,42,65,5,2
521,Unfezant,13,8,488,80,115,80,65,55,93,5,2
522,Blitzle,4, ,295,45,60,32,50,32,76,5,2
523,Zebstrika,4, ,497,75,100,63,80,63,116,5,2
524,Roggenrola,16, ,280,55,75,85,25,25,15,5,2
525,Boldore,16, ,390,70,105,105,50,40,20,5,2
526,Gigalith,16, ,515,85,135,130,60,80,25,5,2
527,Woobat,15,8,313,55,45,43,55,43,72,5,2
528,Swoobat,15,8,425,67,57,55,77,55,114,5,2
529,Drilbur,11, ,328,60,85,40,30,45,68,5,2
530,Excadrill,11,17,508,110,135,60,50,65,88,5,2
531,Audino,13, ,445,103,60,86,60,86,50,5,2
531,AudinoMega Audino,13,5,545,103,60,126,80,126,50,5,2
532,Timburr,6, ,305,75,80,55,25,35,35,5,2
533,Gurdurr,6, ,405,85,105,85,40,50,40,5,2
534,Conkeldurr,6, ,505,105,140,95,55,65,45,5,2
535,Tympole,18, ,294,50,50,40,50,40,64,5,2
536,Palpitoad,18,11,384,75,65,55,65,55,69,5,2
537,Seismitoad,18,11,509,105,95,75,85,75,74,5,2
538,Throh,6, ,465,120,100,85,30,85,45,5,2
539,Sawk,6, ,465,75,125,75,30,75,85,5,2
540,Sewaddle,1,10,310,45,53,70,40,60,42,5,2
541,Swadloon,1,10,380,55,63,90,50,80,42,5,2
542,Leavanny,1,10,500,75,103,80,70,80,92,5,2
543,Venipede,1,14,260,30,45,59,30,39,57,5,2
544,Whirlipede,1,14,360,40,55,99,40,79,47,5,2
545,Scolipede,1,14,485,60,100,89,55,69,112,5,2
546,Cottonee,10,5,280,40,27,60,37,50,66,5,2
547,Whimsicott,10,5,480,60,67,85,77,75,116,5,2
548,Petilil,10, ,280,45,35,50,70,50,30,5,2
549,Lilligant,10, ,480,70,60,75,110,75,90,5,2
550,Basculin,18, ,460,70,92,65,80,55,98,5,2
551,Sandile,11,2,292,50,72,35,35,35,65,5,2
552,Krokorok,11,2,351,60,82,45,45,45,74,5,2
553,Krookodile,11,2,519,95,117,80,65,70,92,5,2
554,Darumaka,7, ,315,70,90,45,15,45,50,5,2
555,DarmanitanStandard Mode,7, ,480,105,140,55,30,55,95,5,2
555,DarmanitanZen Mode,7,15,540,105,30,105,140,105,55,5,2
556,Maractus,10, ,461,75,86,67,106,67,60,5,2
557,Dwebble,1,16,325,50,65,85,35,35,55,5,2
558,Crustle,1,16,475,70,95,125,65,75,45,5,2
559,Scraggy,2,6,348,50,75,70,35,70,48,5,2
560,Scrafty,2,6,488,65,90,115,45,115,58,5,2
561,Sigilyph,15,8,490,72,58,80,103,80,97,5,2
562,Yamask,9, ,303,38,30,85,55,65,30,5,2
563,Cofagrigus,9, ,483,58,50,145,95,105,30,5,2
564,Tirtouga,18,16,355,54,78,103,53,45,22,5,2
565,Carracosta,18,16,495,74,108,133,83,65,32,5,2
566,Archen,16,8,401,55,112,45,74,45,70,5,2
567,Archeops,16,8,567,75,140,65,112,65,110,5,2
568,Trubbish,14, ,329,50,50,62,40,62,65,5,2
569,Garbodor,14, ,474,80,95,82,60,82,75,5,2
570,Zorua,2, ,330,40,65,40,80,40,65,5,2
571,Zoroark,2, ,510,60,105,60,120,60,105,5,2
572,Minccino,13, ,300,55,50,40,40,40,75,5,2
573,Cinccino,13, ,470,75,95,60,65,60,115,5,2
574,Gothita,15, ,290,45,30,50,55,65,45,5,2
575,Gothorita,15, ,390,60,45,70,75,85,55,5,2
576,Gothitelle,15, ,490,70,55,95,95,110,65,5,2
577,Solosis,15, ,290,45,30,40,105,50,20,5,2
578,Duosion,15, ,370,65,40,50,125,60,30,5,2
579,Reuniclus,15, ,490,110,65,75,125,85,30,5,2
580,Ducklett,18,8,305,62,44,50,44,50,55,5,2
581,Swanna,18,8,473,75,87,63,87,63,98,5,2
582,Vanillite,12, ,305,36,50,50,65,60,44,5,2
583,Vanillish,12, ,395,51,65,65,80,75,59,5,2
584,Vanilluxe,12, ,535,71,95,85,110,95,79,5,2
585,Deerling,13,10,335,60,60,50,40,50,75,5,2
586,Sawsbuck,13,10,475,80,100,70,60,70,95,5,2
587,Emolga,4,8,428,55,75,60,75,60,103,5,2
588,Karrablast,1, ,315,50,75,45,40,45,60,5,2
589,Escavalier,1,17,495,70,135,105,60,105,20,5,2
590,Foongus,10,14,294,69,55,45,55,55,15,5,2
591,Amoonguss,10,14,464,114,85,70,85,80,30,5,2
592,Frillish,18,9,335,55,40,50,65,85,40,5,2
593,Jell12nt,18,9,480,100,60,70,85,105,60,5,2
594,Alomomola,18, ,470,165,75,80,40,45,65,5,2
595,Joltik,1,4,319,50,47,50,57,50,65,5,2
596,Galvantula,1,4,472,70,77,60,97,60,108,5,2
597,Ferroseed,10,17,305,44,50,91,24,86,10,5,2
598,Ferrothorn,10,17,489,74,94,131,54,116,20,5,2
599,Klink,17, ,300,40,55,70,45,60,30,5,2
600,Klang,17, ,440,60,80,95,70,85,50,5,2
601,Klinklang,17, ,520,60,100,115,70,85,90,5,2
602,Tynamo,4, ,275,35,55,40,45,40,60,5,2
603,Eelektrik,4, ,405,65,85,70,75,70,40,5,2
604,Eelektross,4, ,515,85,115,80,105,80,50,5,2
605,Elgyem,15, ,335,55,55,55,85,55,30,5,2
606,Beheeyem,15, ,485,75,75,75,125,95,40,5,2
607,Litwick,9,7,275,50,30,55,65,55,20,5,2
608,Lampent,9,7,370,60,40,60,95,60,55,5,2
609,Chandelure,9,7,520,60,55,90,145,90,80,5,2
610,Axew,3, ,320,46,87,60,30,40,57,5,2
611,Fraxure,3, ,410,66,117,70,40,50,67,5,2
612,Haxorus,3, ,540,76,147,90,60,70,97,5,2
613,Cubchoo,12, ,305,55,70,40,60,40,40,5,2
614,Beartic,12, ,485,95,110,80,70,80,50,5,2
615,Cryogonal,12, ,485,70,50,30,95,135,105,5,2
616,Shelmet,1, ,305,50,40,85,40,65,25,5,2
617,Accelgor,1, ,495,80,70,40,100,60,145,5,2
618,Stunfisk,11,4,471,109,66,84,81,99,32,5,2
619,Mienfoo,6, ,350,45,85,50,55,50,65,5,2
620,Mienshao,6, ,510,65,125,60,95,60,105,5,2
621,Druddigon,3, ,485,77,120,90,60,90,48,5,2
622,Golett,11,9,303,59,74,50,35,50,35,5,2
623,Golurk,11,9,483,89,124,80,55,80,55,5,2
624,Pawniard,2,17,340,45,85,70,40,40,60,5,2
625,Bisharp,2,17,490,65,125,100,60,70,70,5,2
626,Bouffalant,13, ,490,95,110,95,40,95,55,5,2
627,Rufflet,13,8,350,70,83,50,37,50,60,5,2
628,Braviary,13,8,510,100,123,75,57,75,80,5,2
629,Vullaby,2,8,370,70,55,75,45,65,60,5,2
630,Mandibuzz,2,8,510,110,65,105,55,95,80,5,2
631,Heatmor,7, ,484,85,97,66,105,66,65,5,2
632,Durant,1,17,484,58,109,112,48,48,109,5,2
633,Deino,2,3,300,52,65,50,45,50,38,5,2
634,Zweilous,2,3,420,72,85,70,65,70,58,5,2
635,Hydreigon,2,3,600,92,105,90,125,90,98,5,2
636,Larvesta,1,7,360,55,85,55,50,55,60,5,2
637,Volcarona,1,7,550,85,60,65,135,105,100,5,2
638,Cobalion,17,6,580,91,90,129,90,72,108,5,1
639,Terrakion,16,6,580,91,129,90,72,90,108,5,1
640,Virizion,10,6,580,91,90,72,90,129,108,5,1
641,TornadusIncarnate Forme,8, ,580,79,115,70,125,80,111,5,1
641,TornadusTherian Forme,8, ,580,79,100,80,110,90,121,5,1
642,ThundurusIncarnate Forme,4,8,580,79,115,70,125,80,111,5,1
642,ThundurusTherian Forme,4,8,580,79,105,70,145,80,101,5,1
643,Reshiram,3,7,680,100,120,100,150,120,90,5,1
644,Zekrom,3,4,680,100,150,120,120,100,90,5,1
645,LandorusIncarnate Forme,11,8,600,89,125,90,115,80,101,5,1
645,LandorusTherian Forme,11,8,600,89,145,90,105,80,91,5,1
646,Kyurem,3,12,660,125,130,90,130,90,95,5,1
646,KyuremBlack Kyurem,3,12,700,125,170,100,120,90,95,5,1
646,KyuremWhite Kyurem,3,12,700,125,120,90,170,100,95,5,1
647,KeldeoOrdinary Forme,18,6,580,91,72,90,129,90,108,5,2
647,KeldeoResolute Forme,18,6,580,91,72,90,129,90,108,5,2
648,MeloettaAria Forme,13,15,600,100,77,77,128,128,90,5,2
648,MeloettaPirouette Forme,13,6,600,100,128,90,77,77,128,5,2
649,Genesect,1,17,600,71,120,95,120,95,99,5,2
650,Chespin,10, ,313,56,61,65,48,45,38,6,2
651,Quilladin,10, ,405,61,78,95,56,58,57,6,2
652,Chesnaught,10,6,530,88,107,122,74,75,64,6,2
653,Fennekin,7, ,307,40,45,40,62,60,60,6,2
654,Braixen,7, ,409,59,59,58,90,70,73,6,2
655,Delphox,7,15,534,75,69,72,114,100,104,6,2
656,Froakie,18, ,314,41,56,40,62,44,71,6,2
657,Frogadier,18, ,405,54,63,52,83,56,97,6,2
658,Greninja,18,2,530,72,95,67,103,71,122,6,2
659,Bunnelby,13, ,237,38,36,38,32,36,57,6,2
660,Diggersby,13,11,423,85,56,77,50,77,78,6,2
661,Fletchling,13,8,278,45,50,43,40,38,62,6,2
662,Fletchinder,7,8,382,62,73,55,56,52,84,6,2
663,Talonflame,7,8,499,78,81,71,74,69,126,6,2
664,Scatter1,1, ,200,38,35,40,27,25,35,6,2
665,Spewpa,1, ,213,45,22,60,27,30,29,6,2
666,Vivillon,1,8,411,80,52,50,90,50,89,6,2
667,Litleo,7,13,369,62,50,58,73,54,72,6,2
668,Pyroar,7,13,507,86,68,72,109,66,106,6,2
669,Flabébé,5, ,303,44,38,39,61,79,42,6,2
670,Floette,5, ,371,54,45,47,75,98,52,6,2
671,Florges,5, ,552,78,65,68,112,154,75,6,2
672,Skiddo,10, ,350,66,65,48,62,57,52,6,2
673,Gogoat,10, ,531,123,100,62,97,81,68,6,2
674,Pancham,6, ,348,67,82,62,46,48,43,6,2
675,Pangoro,6,2,495,95,124,78,69,71,58,6,2
676,Furfrou,13, ,472,75,80,60,65,90,102,6,2
677,Espurr,15, ,355,62,48,54,63,60,68,6,2
678,MeowsticMale,15, ,466,74,48,76,83,81,104,6,2
678,MeowsticFemale,15, ,466,74,48,76,83,81,104,6,2
679,Honedge,17,9,325,45,80,100,35,37,28,6,2
680,Doublade,17,9,448,59,110,150,45,49,35,6,2
681,AegislashBlade Forme,17,9,520,60,150,50,150,50,60,6,2
681,AegislashShield Forme,17,9,520,60,50,150,50,150,60,6,2
682,Spritzee,5, ,341,78,52,60,63,65,23,6,2
683,Aromatisse,5, ,462,101,72,72,99,89,29,6,2
684,Swirlix,5, ,341,62,48,66,59,57,49,6,2
685,Slurpuff,5, ,480,82,80,86,85,75,72,6,2
686,Inkay,2,15,288,53,54,53,37,46,45,6,2
687,Malamar,2,15,482,86,92,88,68,75,73,6,2
688,Binacle,16,18,306,42,52,67,39,56,50,6,2
689,Barbaracle,16,18,500,72,105,115,54,86,68,6,2
690,Skrelp,14,18,320,50,60,60,60,60,30,6,2
691,Dragalge,14,3,494,65,75,90,97,123,44,6,2
692,Clauncher,18, ,330,50,53,62,58,63,44,6,2
693,Clawitzer,18, ,500,71,73,88,120,89,59,6,2
694,Helioptile,4,13,289,44,38,33,61,43,70,6,2
695,Heliolisk,4,13,481,62,55,52,109,94,109,6,2
696,Tyrunt,16,3,362,58,89,77,45,45,48,6,2
697,Tyrantrum,16,3,521,82,121,119,69,59,71,6,2
698,Amaura,16,12,362,77,59,50,67,63,46,6,2
699,Aurorus,16,12,521,123,77,72,99,92,58,6,2
700,Sylveon,5, ,525,95,65,65,110,130,60,6,2
701,Hawlucha,6,8,500,78,92,75,74,63,118,6,2
702,Dedenne,4,5,431,67,58,57,81,67,101,6,2
703,Carbink,16,5,500,50,50,150,50,150,50,6,2
704,Goomy,3, ,300,45,50,35,55,75,40,6,2
705,Sliggoo,3, ,452,68,75,53,83,113,60,6,2
706,Goodra,3, ,600,90,100,70,110,150,80,6,2
707,Klefki,17,5,470,57,80,91,80,87,75,6,2
708,Phantump,9,10,309,43,70,48,50,60,38,6,2
709,Trevenant,9,10,474,85,110,76,65,82,56,6,2
710,PumpkabooAverage Size,9,10,335,49,66,70,44,55,51,6,2
710,PumpkabooSmall Size,9,10,335,44,66,70,44,55,56,6,2
710,PumpkabooLarge Size,9,10,335,54,66,70,44,55,46,6,2
710,PumpkabooSuper Size,9,10,335,59,66,70,44,55,41,6,2
711,GourgeistAverage Size,9,10,494,65,90,122,58,75,84,6,2
711,GourgeistSmall Size,9,10,494,55,85,122,58,75,99,6,2
711,GourgeistLarge Size,9,10,494,75,95,122,58,75,69,6,2
711,GourgeistSuper Size,9,10,494,85,100,122,58,75,54,6,2
712,Bergmite,12, ,304,55,69,85,32,35,28,6,2
713,Avalugg,12, ,514,95,117,184,44,46,28,6,2
714,Noibat,8,3,245,40,30,35,45,40,55,6,2
715,Noivern,8,3,535,85,70,80,97,80,123,6,2
716,Xerneas,5, ,680,126,131,95,131,98,99,6,1
717,Yveltal,2,8,680,126,131,95,131,98,99,6,1
718,Zygarde50% Forme,3,11,600,108,100,121,81,95,95,6,1
719,Diancie,16,5,600,50,100,150,100,150,50,6,1
719,DiancieMega Diancie,16,5,700,50,160,110,160,110,110,6,1
720,HoopaHoopa Confined,15,9,600,80,110,60,150,130,70,6,1
720,HoopaHoopa Unbound,15,2,680,80,160,60,170,130,80,6,1
721,Volcanion,7,18,600,80,110,120,130,90,70,6,1
